{"name":"d59cfdd2-b2f8-4063-8f16-889bf6eeb29c","id":"/providers/Microsoft.Flow/flows/d59cfdd2-b2f8-4063-8f16-889bf6eeb29c","type":"Microsoft.Flow/flows","properties":{"apiId":"/providers/Microsoft.PowerApps/apis/shared_logicflows","displayName":"監控訊息,在聊天室或管道中張貼訊息","definition":{"metadata":{"workflowEntityId":null,"processAdvisorMetadata":null,"flowChargedByPaygo":null,"flowclientsuspensionreason":"None","flowclientsuspensiontime":null,"flowclientsuspensionreasondetails":null,"creator":{"id":"","type":"User","tenantId":""},"provisioningMethod":"FromDefinition","failureAlertSubscription":true,"clientLastModifiedTime":"2025-05-28T17:16:29.249368Z","connectionKeySavedTimeKey":"2025-05-28T17:05:33.1609267Z","creationSource":null},"$schema":"https://schema.management.azure.com/providers/Microsoft.Logic/schemas/2016-06-01/workflowdefinition.json#","contentVersion":"1.0.0.0","parameters":{"$connections":{"defaultValue":{},"type":"Object"},"$authentication":{"defaultValue":{},"type":"SecureObject"}},"triggers":{"manual":{"metadata":{"operationMetadataId":"37c7dfd5-935a-4e75-ac7a-8ec765bf4a0e"},"type":"Request","kind":"TeamsWebhook","inputs":{"schema":{"type":"object","properties":{"type":{"type":"string"},"attachments":{"type":"array","items":{"type":"object","properties":{"contentType":{"type":"string"},"content":{"type":"object","properties":{"$schema":{"type":"string"},"type":{"type":"string"},"version":{"type":"string"},"body":{"type":"array","items":{"type":"object","properties":{"type":{"type":"string"}},"required":["type"]}}}}},"required":["contentType","content"]}}}},"triggerAuthenticationType":"All"}}},"actions":{"套用至各項":{"foreach":"@triggerBody()?['attachments']","actions":{"套用至各項_2":{"foreach":"@items('套用至各項')['content']['body']","actions":{"在聊天室或管道中張貼訊息":{"runAfter":{},"metadata":{"operationMetadataId":"cc2f82ba-86b1-4e65-bcb9-fa674da9d33f"},"type":"OpenApiConnection","inputs":{"host":{"apiId":"/providers/Microsoft.PowerApps/apis/shared_teams","connectionName":"shared_teams","operationId":"PostMessageToConversation"},"parameters":{"poster":"User","location":"Group chat","body/recipient":"","body/messageBody":"<p>@{items('套用至各項_2').text}</p>"},"authentication":"@parameters('$authentication')"}}},"runAfter":{},"metadata":{"operationMetadataId":"2df414f1-a97c-4c1f-9519-fdcdf3ca4f88"},"type":"Foreach"}},"runAfter":{},"metadata":{"operationMetadataId":"d073b7a5-43c4-42cc-830b-ddf0027b456c"},"type":"Foreach"}},"outputs":{}},"connectionReferences":{"shared_teams":{"connectionName":"shared-teams-b86906cf-d986-4130-96ab-7af4c86187d0","source":"Embedded","id":"/providers/Microsoft.PowerApps/apis/shared_teams","tier":"NotSpecified","apiName":"teams"}},"flowFailureAlertSubscribed":false,"isManaged":false}}